brand,url
Akro,https://www.fragrantica.com/designers/Akro.html
Bon Parfumeur,https://www.fragrantica.com/designers/Bon-Parfumeur.html
Boucheron,https://www.fragrantica.com/designers/Boucheron.html
Brecourt,https://www.fragrantica.com/designers/Brecourt.html
Caron,https://www.fragrantica.com/designers/Caron.html
Courreges,https://www.fragrantica.com/designers/Courreges.html
D ORSAY,https://www.fragrantica.com/designers/D-ORSAY.html
Elie Saab,https://www.fragrantica.com/designers/Elie-Saab.html
Ella K Parfums,https://www.fragrantica.com/designers/Ella-K-Parfums.html
Essential Parfums,https://www.fragrantica.com/designers/Essential-Parfums.html
Floraiku,https://www.fragrantica.com/designers/Floraiku.html
Frapin,https://www.fragrantica.com/designers/Frapin.html
Histoires de Parfums,https://www.fragrantica.com/designers/Histoires-de-Parfums.html
Jacques Fath,https://www.fragrantica.com/designers/Jacques-Fath.html
James Heeley,https://www.fragrantica.com/designers/James-Heeley.html
L Orchestre Parfum,https://www.fragrantica.com/designers/L-Orchestre-Parfum.html
Marc Antoine Barrois,https://www.fragrantica.com/designers/Marc-Antoine-Barrois.html
Mancera,https://www.fragrantica.com/designers/Mancera.html
Montana,https://www.fragrantica.com/designers/Montana.html
Naomi Goodsir,https://www.fragrantica.com/designers/Naomi-Goodsir.html
Olfactive Studio,https://www.fragrantica.com/designers/Olfactive-Studio.html
Oriza L Legrand,https://www.fragrantica.com/designers/Oriza-L-Legrand.html
Parfum d Empire,https://www.fragrantica.com/designers/Parfum-d-Empire.html
Parle Moi de Parfum,https://www.fragrantica.com/designers/Parle-Moi-de-Parfum.html
Phaedon,https://www.fragrantica.com/designers/Phaedon.html
Pierre Balmain,https://www.fragrantica.com/designers/Pierre-Balmain.html
Pierre Guillaume Paris,https://www.fragrantica.com/designers/Pierre-Guillaume-Paris.html
The Different Company,https://www.fragrantica.com/designers/The-Different-Company.html
Trudon,https://www.fragrantica.com/designers/Trudon.html
Sous le Manteau,https://www.fragrantica.com/designers/Sous-le-Manteau.html
Voyages Imaginaires,https://www.fragrantica.com/designers/Voyages-Imaginaires.html
Bottega Veneta,https://www.fragrantica.com/designers/Bottega-Veneta.html
Cerruti,https://www.fragrantica.com/designers/Cerruti.html
CoSTUME NATIONAL,https://www.fragrantica.com/designers/CoSTUME-NATIONAL.html
Diesel,https://www.fragrantica.com/designers/Diesel.html
Ermenegildo Zegna,https://www.fragrantica.com/designers/Ermenegildo-Zegna.html
Etro,https://www.fragrantica.com/designers/Etro.html
Fendi,https://www.fragrantica.com/designers/Fendi.html
Furla,https://www.fragrantica.com/designers/Furla.html
Jusbox,https://www.fragrantica.com/designers/Jusbox.html
Laboratorio Olfattivo,https://www.fragrantica.com/designers/Laboratorio-Olfattivo.html
Max Mara,https://www.fragrantica.com/designers/Max-Mara.html
Missoni,https://www.fragrantica.com/designers/Missoni.html
Miu Miu,https://www.fragrantica.com/designers/Miu-Miu.html
Moncler,https://www.fragrantica.com/designers/Moncler.html
Moschino,https://www.fragrantica.com/designers/Moschino.html
Profumum Roma,https://www.fragrantica.com/designers/Profumum-Roma.html
Replay,https://www.fragrantica.com/designers/Replay.html
Roberto Cavalli,https://www.fragrantica.com/designers/Roberto-Cavalli.html
Roccobarocco,https://www.fragrantica.com/designers/Roccobarocco.html
Roberto Capucci,https://www.fragrantica.com/designers/Roberto-Capucci.html
Santa Maria Novella,https://www.fragrantica.com/designers/Santa-Maria-Novella.html
Agent Provocateur,https://www.fragrantica.com/designers/Agent-Provocateur.html
Alexander McQueen,https://www.fragrantica.com/designers/Alexander-McQueen.html
Bentley,https://www.fragrantica.com/designers/Bentley.html
Miller Harris,https://www.fragrantica.com/designers/Miller-Harris.html
Paul Smith,https://www.fragrantica.com/designers/Paul-Smith.html
Perfumer H,https://www.fragrantica.com/designers/Perfumer-H.html
Vivienne Westwood,https://www.fragrantica.com/designers/Vivienne-Westwood.html
Welton London,https://www.fragrantica.com/designers/Welton-London.html
Atelier Cologne,https://www.fragrantica.com/designers/Atelier-Cologne.html
Guess,https://www.fragrantica.com/designers/Guess.html
Odin,https://www.fragrantica.com/designers/Odin.html
Vilhelm Parfumerie,https://www.fragrantica.com/designers/Vilhelm-Parfumerie.html
Atelier des Ors,https://www.fragrantica.com/designers/Atelier-des-Ors.html
Arquiste,https://www.fragrantica.com/designers/Arquiste.html
Goldfield Banks Australia,https://www.fragrantica.com/designers/Goldfield-Banks-Australia.html
Byron Parfums,https://www.fragrantica.com/designers/Byron-Parfums.html
Balenciaga,https://www.fragrantica.com/designers/Balenciaga.html
Carner Barcelona,https://www.fragrantica.com/designers/Carner-Barcelona.html
Escentric Molecules,https://www.fragrantica.com/designers/Escentric-Molecules.html
Jil Sander,https://www.fragrantica.com/designers/Jil-Sander.html
Mercedes Benz,https://www.fragrantica.com/designers/Mercedes-Benz.html
Shiseido,https://www.fragrantica.com/designers/Shiseido.html
